outdoor_ambient_temp_f,outdoor_ambient_temp_c,compressor_technology,nominal_capacity_btu_hr,actual_heating_capacity_btu_hr,capacity_retention_ratio,compressor_cop,defrost_penalty_factor,effective_cop,compressor_electrical_power_kw,auxiliary_heat_kw,total_electrical_demand_kw,hourly_operating_cost_usd,system_status
47,8.3,Cold-Climate EVI (Flash Injection),36000,36000,1.000,4.10,1.000,4.100,2.57,0.00,2.57,0.47,Optimal Operation
45,7.2,Cold-Climate EVI (Flash Injection),36000,36000,1.000,3.95,0.995,3.930,2.68,0.00,2.68,0.49,Optimal Operation
40,4.4,Cold-Climate EVI (Flash Injection),36000,35280,0.980,3.65,0.960,3.504,2.72,0.00,2.72,0.50,Optimal Operation
35,1.7,Cold-Climate EVI (Flash Injection),36000,33840,0.940,3.35,0.900,3.015,2.75,0.00,2.75,0.50,Frost / Defrost Active
30,-1.1,Cold-Climate EVI (Flash Injection),36000,32400,0.900,3.10,0.880,2.728,2.88,0.00,2.88,0.53,Frost / Defrost Active
25,-3.9,Cold-Climate EVI (Flash Injection),36000,31320,0.870,2.85,0.890,2.536,2.98,0.00,2.98,0.55,Frost Transition
20,-6.7,Cold-Climate EVI (Flash Injection),36000,30600,0.850,2.72,0.950,2.584,3.05,0.00,3.05,0.56,High Inverter Speed
17,-8.3,Cold-Climate EVI (Flash Injection),36000,30240,0.840,2.65,1.000,2.650,3.10,0.00,3.10,0.57,AHRI Low Rating Point
10,-12.2,Cold-Climate EVI (Flash Injection),36000,28800,0.800,2.35,1.000,2.350,3.32,0.00,3.32,0.61,Vapor Injection Active
5,-15.0,Cold-Climate EVI (Flash Injection),36000,27360,0.760,2.15,1.000,2.150,3.45,0.00,3.45,0.63,EVI Boost Mode
0,-17.8,Cold-Climate EVI (Flash Injection),36000,25920,0.720,2.00,1.000,2.000,3.52,0.00,3.52,0.65,Sub-Zero Operation
-5,-20.5,Cold-Climate EVI (Flash Injection),36000,24480,0.680,1.85,1.000,1.850,3.60,0.00,3.60,0.66,Sub-Zero Operation
-10,-23.3,Cold-Climate EVI (Flash Injection),36000,22320,0.620,1.68,1.000,1.680,3.60,2.50,6.10,1.12,Auxiliary Stage 1 (2.5 kW)
-15,-26.1,Cold-Climate EVI (Flash Injection),36000,19800,0.550,1.50,1.000,1.500,3.60,5.00,8.60,1.58,Auxiliary Stage 2 (5.0 kW)
-20,-28.9,Cold-Climate EVI (Flash Injection),36000,16560,0.460,1.35,1.000,1.350,3.50,7.50,11.00,2.02,Auxiliary Stage 3 (7.5 kW)
-25,-31.7,Cold-Climate EVI (Flash Injection),36000,12960,0.360,1.20,1.000,1.200,3.20,10.00,13.20,2.42,Thermal Cutoff Boundary
47,8.3,Standard Single-Stage Inverter,36000,36000,1.000,3.40,1.000,3.400,2.88,0.00,2.88,0.53,Optimal Operation
45,7.2,Standard Single-Stage Inverter,36000,35280,0.980,3.25,0.995,3.234,2.90,0.00,2.90,0.53,Optimal Operation
40,4.4,Standard Single-Stage Inverter,36000,33120,0.920,2.95,0.960,2.832,2.92,0.00,2.92,0.54,Optimal Operation
35,1.7,Standard Single-Stage Inverter,36000,29520,0.820,2.70,0.900,2.430,2.95,0.00,2.95,0.54,Frost / Defrost Active
30,-1.1,Standard Single-Stage Inverter,36000,26640,0.740,2.45,0.880,2.156,2.92,0.00,2.92,0.54,Frost / Defrost Active
25,-3.9,Standard Single-Stage Inverter,36000,24480,0.680,2.30,0.890,2.047,2.90,0.00,2.90,0.53,Frost Transition
20,-6.7,Standard Single-Stage Inverter,36000,22320,0.620,2.15,0.950,2.042,2.89,0.00,2.89,0.53,Thermal Balance Deficit
17,-8.3,Standard Single-Stage Inverter,36000,19800,0.550,2.05,1.000,2.050,2.89,0.00,2.89,0.53,AHRI Low Rating Point
10,-12.2,Standard Single-Stage Inverter,36000,16200,0.450,1.75,1.000,1.750,2.88,2.50,5.38,0.99,Auxiliary Stage 1 (2.5 kW)
5,-15.0,Standard Single-Stage Inverter,36000,13680,0.380,1.50,1.000,1.500,2.85,5.00,7.85,1.44,Auxiliary Stage 2 (5.0 kW)
0,-17.8,Standard Single-Stage Inverter,36000,11520,0.320,1.30,1.000,1.300,2.75,7.50,10.25,1.88,Auxiliary Stage 3 (7.5 kW)
-5,-20.5,Standard Single-Stage Inverter,36000,9000,0.250,1.15,1.000,1.150,2.50,10.00,12.50,2.29,Auxiliary Stage 4 (10.0 kW)
-10,-23.3,Standard Single-Stage Inverter,36000,5400,0.150,1.05,1.000,1.050,1.80,10.00,11.80,2.16,Compressor Lockout Warning
-15,-26.1,Standard Single-Stage Inverter,36000,0,0.000,0.00,1.000,1.000,0.00,10.00,10.00,1.83,Locked Out (100% Strip Heat)
