chemistry,cycles_efc,dod_pct,ambient_temp_c,ambient_temp_f,capacity_retention_pct,internal_resistance_growth_ratio,annual_calendar_fade_pct,operational_status
LiFePO4,1000,50.0,-10.0,14.0,83.6,1.65,0.40,Cold Derated / Plating Hazard
LiFePO4,1000,50.0,0.0,32.0,89.3,1.38,0.70,Cold Derated
LiFePO4,1000,50.0,25.0,77.0,97.6,1.05,1.05,Active
LiFePO4,1000,50.0,35.0,95.0,94.4,1.11,1.80,Thermal Acceleration
LiFePO4,1000,50.0,45.0,113.0,91.2,1.17,2.80,Severe Thermal Stress
LiFePO4,1000,80.0,-10.0,14.0,82.2,1.66,0.40,Cold Derated / Plating Hazard
LiFePO4,1000,80.0,0.0,32.0,87.9,1.39,0.70,Cold Derated
LiFePO4,1000,80.0,25.0,77.0,96.2,1.06,1.05,Active
LiFePO4,1000,80.0,35.0,95.0,93.0,1.12,1.80,Thermal Acceleration
LiFePO4,1000,80.0,45.0,113.0,89.8,1.18,2.80,Severe Thermal Stress
LiFePO4,1000,100.0,-10.0,14.0,80.7,1.67,0.40,Cold Derated / Plating Hazard
LiFePO4,1000,100.0,0.0,32.0,86.4,1.40,0.70,Cold Derated
LiFePO4,1000,100.0,25.0,77.0,94.7,1.07,1.05,Active
LiFePO4,1000,100.0,35.0,95.0,91.5,1.13,1.80,Thermal Acceleration
LiFePO4,1000,100.0,45.0,113.0,88.3,1.19,2.80,Severe Thermal Stress
LiFePO4,2000,50.0,-10.0,14.0,81.2,1.73,0.40,Cold Derated / Plating Hazard
LiFePO4,2000,50.0,0.0,32.0,86.9,1.46,0.70,Cold Derated
LiFePO4,2000,50.0,25.0,77.0,95.2,1.13,1.05,Active
LiFePO4,2000,50.0,35.0,95.0,92.0,1.19,1.80,Thermal Acceleration
LiFePO4,2000,50.0,45.0,113.0,88.8,1.25,2.80,Severe Thermal Stress
LiFePO4,2000,80.0,-10.0,14.0,78.4,1.74,0.40,Cold Derated / Plating Hazard
LiFePO4,2000,80.0,0.0,32.0,84.1,1.47,0.70,Cold Derated
LiFePO4,2000,80.0,25.0,77.0,92.4,1.14,1.05,Active
LiFePO4,2000,80.0,35.0,95.0,89.2,1.20,1.80,Thermal Acceleration
LiFePO4,2000,80.0,45.0,113.0,86.0,1.26,2.80,Severe Thermal Stress
LiFePO4,2000,100.0,-10.0,14.0,75.5,1.75,0.40,Cold Derated / Plating Hazard
LiFePO4,2000,100.0,0.0,32.0,81.2,1.48,0.70,Cold Derated
LiFePO4,2000,100.0,25.0,77.0,89.5,1.15,1.05,Active
LiFePO4,2000,100.0,35.0,95.0,86.3,1.21,1.80,Thermal Acceleration
LiFePO4,2000,100.0,45.0,113.0,83.1,1.27,2.80,Severe Thermal Stress
LiFePO4,3000,50.0,-10.0,14.0,78.8,1.80,0.40,Cold Derated / Plating Hazard
LiFePO4,3000,50.0,0.0,32.0,84.5,1.53,0.70,Cold Derated
LiFePO4,3000,50.0,25.0,77.0,92.8,1.20,1.05,Active
LiFePO4,3000,50.0,35.0,95.0,89.6,1.26,1.80,Thermal Acceleration
LiFePO4,3000,50.0,45.0,113.0,86.4,1.32,2.80,Severe Thermal Stress
LiFePO4,3000,80.0,-10.0,14.0,74.5,1.82,0.40,Cold Derated / Plating Hazard
LiFePO4,3000,80.0,0.0,32.0,80.2,1.55,0.70,Cold Derated
LiFePO4,3000,80.0,25.0,77.0,88.5,1.22,1.05,Active
LiFePO4,3000,80.0,35.0,95.0,85.3,1.28,1.80,Thermal Acceleration
LiFePO4,3000,80.0,45.0,113.0,82.1,1.34,2.80,Severe Thermal Stress
LiFePO4,3000,100.0,-10.0,14.0,70.1,1.84,0.40,Cold Derated / Plating Hazard
LiFePO4,3000,100.0,0.0,32.0,75.8,1.57,0.70,Cold Derated
LiFePO4,3000,100.0,25.0,77.0,84.1,1.24,1.05,Active
LiFePO4,3000,100.0,35.0,95.0,80.9,1.30,1.80,Thermal Acceleration
LiFePO4,3000,100.0,45.0,113.0,77.7,1.36,2.80,Sub-80% EOL
LiFePO4,4000,50.0,-10.0,14.0,76.5,1.87,0.40,Cold Derated / Plating Hazard
LiFePO4,4000,50.0,0.0,32.0,82.2,1.60,0.70,Cold Derated
LiFePO4,4000,50.0,25.0,77.0,90.5,1.27,1.05,Active
LiFePO4,4000,50.0,35.0,95.0,87.3,1.33,1.80,Thermal Acceleration
LiFePO4,4000,50.0,45.0,113.0,84.1,1.39,2.80,Severe Thermal Stress
LiFePO4,4000,80.0,-10.0,14.0,70.9,1.90,0.40,Cold Derated / Plating Hazard
LiFePO4,4000,80.0,0.0,32.0,76.6,1.63,0.70,Cold Derated
LiFePO4,4000,80.0,25.0,77.0,84.9,1.30,1.05,Active
LiFePO4,4000,80.0,35.0,95.0,81.7,1.36,1.80,Thermal Acceleration
LiFePO4,4000,80.0,45.0,113.0,78.5,1.42,2.80,Sub-80% EOL
LiFePO4,4000,100.0,-10.0,14.0,65.1,1.93,0.40,Cold Derated / Plating Hazard
LiFePO4,4000,100.0,0.0,32.0,70.8,1.66,0.70,Cold Derated
LiFePO4,4000,100.0,25.0,77.0,79.1,1.33,1.05,Sub-80% EOL
LiFePO4,4000,100.0,35.0,95.0,75.9,1.39,1.80,Sub-80% EOL
LiFePO4,4000,100.0,45.0,113.0,72.7,1.45,2.80,Sub-80% EOL
LiFePO4,5000,50.0,-10.0,14.0,74.4,1.95,0.40,Cold Derated / Plating Hazard
LiFePO4,5000,50.0,0.0,32.0,80.1,1.68,0.70,Cold Derated
LiFePO4,5000,50.0,25.0,77.0,88.4,1.35,1.05,Active
LiFePO4,5000,50.0,35.0,95.0,85.2,1.41,1.80,Thermal Acceleration
LiFePO4,5000,50.0,45.0,113.0,82.0,1.47,2.80,Severe Thermal Stress
LiFePO4,5000,80.0,-10.0,14.0,67.4,1.98,0.40,Cold Derated / Plating Hazard
LiFePO4,5000,80.0,0.0,32.0,73.1,1.71,0.70,Cold Derated
LiFePO4,5000,80.0,25.0,77.0,81.4,1.38,1.05,Active
LiFePO4,5000,80.0,35.0,95.0,78.2,1.44,1.80,Sub-80% EOL
LiFePO4,5000,80.0,45.0,113.0,75.0,1.50,2.80,Sub-80% EOL
LiFePO4,5000,100.0,-10.0,14.0,60.3,2.01,0.40,Cold Derated / Plating Hazard
LiFePO4,5000,100.0,0.0,32.0,66.0,1.74,0.70,Cold Derated
LiFePO4,5000,100.0,25.0,77.0,74.3,1.41,1.05,Sub-80% EOL
LiFePO4,5000,100.0,35.0,95.0,71.1,1.47,1.80,Sub-80% EOL
LiFePO4,5000,100.0,45.0,113.0,67.9,1.53,2.80,Sub-80% EOL
LiFePO4,6000,50.0,-10.0,14.0,72.1,2.04,0.40,Cold Derated / Plating Hazard
LiFePO4,6000,50.0,0.0,32.0,77.8,1.77,0.70,Cold Derated
LiFePO4,6000,50.0,25.0,77.0,86.1,1.44,1.05,Active
LiFePO4,6000,50.0,35.0,95.0,82.9,1.50,1.80,Thermal Acceleration
LiFePO4,6000,50.0,45.0,113.0,79.7,1.56,2.80,Sub-80% EOL
LiFePO4,6000,80.0,-10.0,14.0,63.8,2.08,0.40,Cold Derated / Plating Hazard
LiFePO4,6000,80.0,0.0,32.0,69.5,1.81,0.70,Cold Derated
LiFePO4,6000,80.0,25.0,77.0,77.8,1.48,1.05,Sub-80% EOL
LiFePO4,6000,80.0,35.0,95.0,74.6,1.54,1.80,Sub-80% EOL
LiFePO4,6000,80.0,45.0,113.0,71.4,1.60,2.80,Sub-80% EOL
LiFePO4,6000,100.0,-10.0,14.0,55.3,2.12,0.40,Cold Derated / Plating Hazard
LiFePO4,6000,100.0,0.0,32.0,61.0,1.85,0.70,Cold Derated
LiFePO4,6000,100.0,25.0,77.0,69.3,1.52,1.05,Sub-80% EOL
LiFePO4,6000,100.0,35.0,95.0,66.1,1.58,1.80,Sub-80% EOL
LiFePO4,6000,100.0,45.0,113.0,62.9,1.64,2.80,Sub-80% EOL
NMC,1000,50.0,-10.0,14.0,83.8,1.73,0.50,Cold Derated
NMC,1000,50.0,0.0,32.0,89.6,1.38,0.85,Cold Derated
NMC,1000,50.0,25.0,77.0,94.2,1.14,1.40,Active
NMC,1000,50.0,35.0,95.0,90.0,1.23,2.60,Thermal Acceleration
NMC,1000,50.0,45.0,113.0,85.3,1.38,3.90,Severe Thermal Stress
NMC,1000,80.0,-10.0,14.0,81.4,1.74,0.50,Cold Derated
NMC,1000,80.0,0.0,32.0,87.2,1.39,0.85,Cold Derated
NMC,1000,80.0,25.0,77.0,91.8,1.15,1.40,Active
NMC,1000,80.0,35.0,95.0,87.6,1.24,2.60,Thermal Acceleration
NMC,1000,80.0,45.0,113.0,82.9,1.39,3.90,Severe Thermal Stress
NMC,1000,100.0,-10.0,14.0,78.7,1.75,0.50,Cold Derated
NMC,1000,100.0,0.0,32.0,84.5,1.40,0.85,Cold Derated
NMC,1000,100.0,25.0,77.0,89.1,1.16,1.40,Active
NMC,1000,100.0,35.0,95.0,84.9,1.25,2.60,Thermal Acceleration
NMC,1000,100.0,45.0,113.0,80.2,1.40,3.90,Severe Thermal Stress
NMC,2000,50.0,-10.0,14.0,77.2,1.92,0.50,Cold Derated
NMC,2000,50.0,0.0,32.0,83.0,1.57,0.85,Cold Derated
NMC,2000,50.0,25.0,77.0,87.6,1.33,1.40,Active
NMC,2000,50.0,35.0,95.0,83.4,1.42,2.60,Thermal Acceleration
NMC,2000,50.0,45.0,113.0,78.7,1.57,3.90,Sub-80% EOL
NMC,2000,80.0,-10.0,14.0,72.0,1.95,0.50,Cold Derated
NMC,2000,80.0,0.0,32.0,77.8,1.60,0.85,Cold Derated
NMC,2000,80.0,25.0,77.0,82.4,1.36,1.40,Active
NMC,2000,80.0,35.0,95.0,78.2,1.45,2.60,Sub-80% EOL
NMC,2000,80.0,45.0,113.0,73.5,1.60,3.90,Sub-80% EOL
NMC,2000,100.0,-10.0,14.0,66.1,1.98,0.50,Cold Derated
NMC,2000,100.0,0.0,32.0,71.9,1.63,0.85,Cold Derated
NMC,2000,100.0,25.0,77.0,76.5,1.39,1.40,Sub-80% EOL
NMC,2000,100.0,35.0,95.0,72.3,1.48,2.60,Sub-80% EOL
NMC,2000,100.0,45.0,113.0,67.6,1.63,3.90,Sub-80% EOL
NMC,3000,50.0,-10.0,14.0,70.6,2.15,0.50,Cold Derated
NMC,3000,50.0,0.0,32.0,76.4,1.80,0.85,Cold Derated
NMC,3000,50.0,25.0,77.0,81.0,1.56,1.40,Active
NMC,3000,50.0,35.0,95.0,76.8,1.65,2.60,Sub-80% EOL
NMC,3000,50.0,45.0,113.0,72.1,1.80,3.90,Sub-80% EOL
NMC,3000,80.0,-10.0,14.0,62.7,2.21,0.50,Cold Derated
NMC,3000,80.0,0.0,32.0,68.5,1.86,0.85,Cold Derated
NMC,3000,80.0,25.0,77.0,73.1,1.62,1.40,Sub-80% EOL
NMC,3000,80.0,35.0,95.0,68.9,1.71,2.60,Sub-80% EOL
NMC,3000,80.0,45.0,113.0,64.2,1.86,3.90,Sub-80% EOL
NMC,3000,100.0,-10.0,14.0,53.7,2.27,0.50,Cold Derated
NMC,3000,100.0,0.0,32.0,59.5,1.92,0.85,Cold Derated
NMC,3000,100.0,25.0,77.0,64.1,1.68,1.40,Sub-80% EOL
NMC,3000,100.0,35.0,95.0,59.9,1.77,2.60,Sub-80% EOL
NMC,3000,100.0,45.0,113.0,55.2,1.92,3.90,Sub-80% EOL
NMC,4000,50.0,-10.0,14.0,64.1,2.41,0.50,Cold Derated
NMC,4000,50.0,0.0,32.0,69.9,2.06,0.85,Cold Derated
NMC,4000,50.0,25.0,77.0,74.5,1.82,1.40,Sub-80% EOL
NMC,4000,50.0,35.0,95.0,70.3,1.91,2.60,Sub-80% EOL
NMC,4000,50.0,45.0,113.0,65.6,2.06,3.90,Sub-80% EOL
NMC,4000,80.0,-10.0,14.0,53.4,2.49,0.50,Cold Derated
NMC,4000,80.0,0.0,32.0,59.2,2.14,0.85,Cold Derated
NMC,4000,80.0,25.0,77.0,63.8,1.90,1.40,Sub-80% EOL
NMC,4000,80.0,35.0,95.0,59.6,1.99,2.60,Sub-80% EOL
NMC,4000,80.0,45.0,113.0,54.9,2.14,3.90,Sub-80% EOL
NMC,4000,100.0,-10.0,14.0,41.3,2.57,0.50,Cold Derated
NMC,4000,100.0,0.0,32.0,47.1,2.22,0.85,Cold Derated
NMC,4000,100.0,25.0,77.0,51.7,1.98,1.40,Sub-80% EOL
NMC,4000,100.0,35.0,95.0,47.5,2.07,2.60,Sub-80% EOL
NMC,4000,100.0,45.0,113.0,42.8,2.22,3.90,Sub-80% EOL
NMC,5000,50.0,-10.0,14.0,57.5,2.70,0.50,Cold Derated
NMC,5000,50.0,0.0,32.0,63.3,2.35,0.85,Cold Derated
NMC,5000,50.0,25.0,77.0,67.9,2.11,1.40,Sub-80% EOL
NMC,5000,50.0,35.0,95.0,63.7,2.20,2.60,Sub-80% EOL
NMC,5000,50.0,45.0,113.0,59.0,2.35,3.90,Sub-80% EOL
NMC,5000,80.0,-10.0,14.0,44.1,2.81,0.50,Cold Derated
NMC,5000,80.0,0.0,32.0,49.9,2.46,0.85,Cold Derated
NMC,5000,80.0,25.0,77.0,54.5,2.22,1.40,Sub-80% EOL
NMC,5000,80.0,35.0,95.0,50.3,2.31,2.60,Sub-80% EOL
NMC,5000,80.0,45.0,113.0,45.6,2.46,3.90,Sub-80% EOL
NMC,5000,100.0,-10.0,14.0,28.9,2.92,0.50,Cold Derated
NMC,5000,100.0,0.0,32.0,34.7,2.57,0.85,Cold Derated
NMC,5000,100.0,25.0,77.0,39.3,2.33,1.40,Sub-80% EOL
NMC,5000,100.0,35.0,95.0,35.1,2.42,2.60,Sub-80% EOL
NMC,5000,100.0,45.0,113.0,30.4,2.57,3.90,Sub-80% EOL
NMC,6000,50.0,-10.0,14.0,51.0,3.03,0.50,Cold Derated
NMC,6000,50.0,0.0,32.0,56.8,2.68,0.85,Cold Derated
NMC,6000,50.0,25.0,77.0,61.4,2.44,1.40,Sub-80% EOL
NMC,6000,50.0,35.0,95.0,57.2,2.53,2.60,Sub-80% EOL
NMC,6000,50.0,45.0,113.0,52.5,2.68,3.90,Sub-80% EOL
NMC,6000,80.0,-10.0,14.0,34.8,3.17,0.50,Cold Derated
NMC,6000,80.0,0.0,32.0,40.6,2.82,0.85,Cold Derated
NMC,6000,80.0,25.0,77.0,45.2,2.58,1.40,Sub-80% EOL
NMC,6000,80.0,35.0,95.0,41.0,2.67,2.60,Sub-80% EOL
NMC,6000,80.0,45.0,113.0,36.3,2.82,3.90,Sub-80% EOL
NMC,6000,100.0,-10.0,14.0,16.4,3.31,0.50,Cold Derated
NMC,6000,100.0,0.0,32.0,22.2,2.96,0.85,Cold Derated
NMC,6000,100.0,25.0,77.0,26.8,2.72,1.40,Sub-80% EOL
NMC,6000,100.0,35.0,95.0,22.6,2.81,2.60,Sub-80% EOL
NMC,6000,100.0,45.0,113.0,17.9,2.96,3.90,Sub-80% EOL
