Continuous Load (W),Inverter Class,Inverter Standby Tare (W),Inverter Conversion Efficiency (%),Battery DC Draw (W),Effective System RTE (%),10-Hour Overnight Loss (Wh),Runtime Derate Factor
50,Tier A (Compact 30W),30,68.5,103.0,46.6,530.0,0.491
75,Tier A (Compact 30W),30,75.2,129.7,55.5,547.0,0.584
100,Tier A (Compact 30W),30,79.6,155.6,61.7,556.0,0.649
150,Tier A (Compact 30W),30,84.8,206.9,69.6,569.0,0.733
200,Tier A (Compact 30W),30,87.6,258.3,74.3,583.0,0.782
300,Tier A (Compact 30W),30,90.8,360.4,79.9,604.0,0.841
500,Tier A (Compact 30W),30,93.4,565.3,84.9,653.0,0.894
750,Tier A (Compact 30W),30,94.8,821.1,87.7,711.0,0.923
1000,Tier A (Compact 30W),30,95.4,1078.2,89.0,782.0,0.937
1500,Tier A (Compact 30W),30,95.8,1595.8,90.2,958.0,0.949
2000,Tier A (Compact 30W),30,95.5,2124.2,90.4,1242.0,0.952
2500,Tier A (Compact 30W),30,94.8,2667.1,90.0,1671.0,0.947
3000,Tier A (Compact 30W),30,93.8,3228.3,89.2,2283.0,0.939
3500,Tier A (Compact 30W),30,92.5,3813.8,88.1,3138.0,0.927
4000,Tier A (Compact 30W),30,91.0,4425.6,86.8,4256.0,0.914
5000,Tier A (Compact 30W),30,88.0,5711.8,84.0,7118.0,0.884
50,Tier B (Standard 45W),45,64.2,122.9,39.1,729.0,0.412
75,Tier B (Standard 45W),45,71.8,149.5,48.2,745.0,0.507
100,Tier B (Standard 45W),45,76.5,175.7,54.6,757.0,0.575
150,Tier B (Standard 45W),45,82.3,227.3,63.4,773.0,0.667
200,Tier B (Standard 45W),45,85.4,279.2,68.8,792.0,0.724
300,Tier B (Standard 45W),45,89.1,381.7,75.5,817.0,0.795
500,Tier B (Standard 45W),45,92.1,587.9,81.6,879.0,0.859
750,Tier B (Standard 45W),45,93.8,844.6,85.2,946.0,0.897
1000,Tier B (Standard 45W),45,94.6,1102.1,87.1,1021.0,0.917
1500,Tier B (Standard 45W),45,95.4,1617.3,89.0,1173.0,0.937
2000,Tier B (Standard 45W),45,95.9,2130.5,90.1,1305.0,0.948
2500,Tier B (Standard 45W),45,96.1,2646.5,90.7,1465.0,0.955
3000,Tier B (Standard 45W),45,96.2,3163.5,91.0,1635.0,0.958
3500,Tier B (Standard 45W),45,96.1,3687.0,91.1,1870.0,0.959
4000,Tier B (Standard 45W),45,95.8,4220.4,91.0,2204.0,0.958
5000,Tier B (Standard 45W),45,95.2,5297.1,90.6,2971.0,0.954
50,Tier C (Whole-Home 60W),60,58.4,145.6,33.0,956.0,0.347
75,Tier C (Whole-Home 60W),60,66.2,173.3,41.5,983.0,0.437
100,Tier C (Whole-Home 60W),60,71.5,199.9,48.0,999.0,0.505
150,Tier C (Whole-Home 60W),60,78.2,251.8,57.2,1018.0,0.602
200,Tier C (Whole-Home 60W),60,82.1,303.6,63.2,1036.0,0.665
300,Tier C (Whole-Home 60W),60,86.5,406.8,70.8,1068.0,0.745
500,Tier C (Whole-Home 60W),60,90.4,613.1,78.3,1131.0,0.824
750,Tier C (Whole-Home 60W),60,92.6,869.9,82.8,1199.0,0.872
1000,Tier C (Whole-Home 60W),60,93.8,1126.1,85.2,1261.0,0.897
1500,Tier C (Whole-Home 60W),60,95.0,1638.9,87.9,1389.0,0.925
2000,Tier C (Whole-Home 60W),60,95.8,2147.7,89.4,1477.0,0.941
2500,Tier C (Whole-Home 60W),60,96.3,2656.1,90.4,1561.0,0.952
3000,Tier C (Whole-Home 60W),60,96.6,3165.6,91.0,1656.0,0.958
3500,Tier C (Whole-Home 60W),60,96.8,3675.7,91.4,1757.0,0.962
4000,Tier C (Whole-Home 60W),60,96.7,4196.5,91.5,1965.0,0.963
5000,Tier C (Whole-Home 60W),60,96.4,5246.7,91.5,2467.0,0.963